{
  "draft_fold": "The_Ocean's_Majesty_and_Importance",
  "draft_id": "671fac37-61ca-4b7a-9471-7a8b7c340627",
  "draft_name": "The_Ocean's_Majesty_and_Importance",
  "draft_removable_storage_device": "",
  "draft_root": "",
  "draft_timeline": {
    "duration": 60000000,
    "fps": 30,
    "tracks": [
      {
        "attribute": 0,
        "flag": 0,
        "id": "4bb5c414-ff8c-4ce1-a3a6-e1d75d81f328",
        "segments": [
          {
            "id": "0a7e5cb3-2418-491b-a3a2-165e604884db",
            "type": "image",
            "material_id": "f404e7c3-3da9-4c60-90d6-ac241b014f53",
            "target_timerange": {
              "start": 0,
              "duration": 5000000
            },
            "source_timerange": {
              "start": 0,
              "duration": 5000000
            },
            "enable_adjust": true,
            "enable_color_curves": true,
            "enable_color_match_adjust": false,
            "enable_color_wheels": true,
            "enable_lut": false,
            "enable_smart_color_adjust": false,
            "extra_material_refs": [],
            "hdr_settings": {
              "intensity": 1.0,
              "mode": 1
            },
            "is_placeholder": false,
            "is_tone_modify": false,
            "reverse": false,
            "speed": 1.0,
            "volume": 1.0
          },
          {
            "id": "7ba98262-e49a-449e-a9ca-c720a1c38c56",
            "type": "image",
            "material_id": "bd486063-ad08-4d62-aa01-18d4a83bc51e",
            "target_timerange": {
              "start": 5000000,
              "duration": 5000000
            },
            "source_timerange": {
              "start": 0,
              "duration": 5000000
            },
            "enable_adjust": true,
            "enable_color_curves": true,
            "enable_color_match_adjust": false,
            "enable_color_wheels": true,
            "enable_lut": false,
            "enable_smart_color_adjust": false,
            "extra_material_refs": [],
            "hdr_settings": {
              "intensity": 1.0,
              "mode": 1
            },
            "is_placeholder": false,
            "is_tone_modify": false,
            "reverse": false,
            "speed": 1.0,
            "volume": 1.0
          },
          {
            "id": "d13a7120-06c6-4e01-a2c7-7a4a711487dc",
            "type": "image",
            "material_id": "7fe2aab9-a559-4581-a98f-6ad6918ec99f",
            "target_timerange": {
              "start": 10000000,
              "duration": 5000000
            },
            "source_timerange": {
              "start": 0,
              "duration": 5000000
            },
            "enable_adjust": true,
            "enable_color_curves": true,
            "enable_color_match_adjust": false,
            "enable_color_wheels": true,
            "enable_lut": false,
            "enable_smart_color_adjust": false,
            "extra_material_refs": [],
            "hdr_settings": {
              "intensity": 1.0,
              "mode": 1
            },
            "is_placeholder": false,
            "is_tone_modify": false,
            "reverse": false,
            "speed": 1.0,
            "volume": 1.0
          },
          {
            "id": "c5b81beb-e1ad-458a-8f75-51e6db1a022e",
            "type": "image",
            "material_id": "8d649137-c4c8-439c-b4d6-80341a306002",
            "target_timerange": {
              "start": 15000000,
              "duration": 5000000
            },
            "source_timerange": {
              "start": 0,
              "duration": 5000000
            },
            "enable_adjust": true,
            "enable_color_curves": true,
            "enable_color_match_adjust": false,
            "enable_color_wheels": true,
            "enable_lut": false,
            "enable_smart_color_adjust": false,
            "extra_material_refs": [],
            "hdr_settings": {
              "intensity": 1.0,
              "mode": 1
            },
            "is_placeholder": false,
            "is_tone_modify": false,
            "reverse": false,
            "speed": 1.0,
            "volume": 1.0
          },
          {
            "id": "33b5d812-3b09-43c2-aa67-772f1e4c66e1",
            "type": "image",
            "material_id": "c06120a4-c160-4c46-be53-ba8a705ff271",
            "target_timerange": {
              "start": 20000000,
              "duration": 5000000
            },
            "source_timerange": {
              "start": 0,
              "duration": 5000000
            },
            "enable_adjust": true,
            "enable_color_curves": true,
            "enable_color_match_adjust": false,
            "enable_color_wheels": true,
            "enable_lut": false,
            "enable_smart_color_adjust": false,
            "extra_material_refs": [],
            "hdr_settings": {
              "intensity": 1.0,
              "mode": 1
            },
            "is_placeholder": false,
            "is_tone_modify": false,
            "reverse": false,
            "speed": 1.0,
            "volume": 1.0
          },
          {
            "id": "b73e18f2-7761-4926-99ed-094c31b89cb0",
            "type": "image",
            "material_id": "f6a11eca-2556-487d-b56c-3ffaa556f62f",
            "target_timerange": {
              "start": 25000000,
              "duration": 5000000
            },
            "source_timerange": {
              "start": 0,
              "duration": 5000000
            },
            "enable_adjust": true,
            "enable_color_curves": true,
            "enable_color_match_adjust": false,
            "enable_color_wheels": true,
            "enable_lut": false,
            "enable_smart_color_adjust": false,
            "extra_material_refs": [],
            "hdr_settings": {
              "intensity": 1.0,
              "mode": 1
            },
            "is_placeholder": false,
            "is_tone_modify": false,
            "reverse": false,
            "speed": 1.0,
            "volume": 1.0
          },
          {
            "id": "86becbac-575c-4612-b734-f62af5531019",
            "type": "image",
            "material_id": "adc04c78-cba9-4169-bc55-4cdc7b12187a",
            "target_timerange": {
              "start": 30000000,
              "duration": 5000000
            },
            "source_timerange": {
              "start": 0,
              "duration": 5000000
            },
            "enable_adjust": true,
            "enable_color_curves": true,
            "enable_color_match_adjust": false,
            "enable_color_wheels": true,
            "enable_lut": false,
            "enable_smart_color_adjust": false,
            "extra_material_refs": [],
            "hdr_settings": {
              "intensity": 1.0,
              "mode": 1
            },
            "is_placeholder": false,
            "is_tone_modify": false,
            "reverse": false,
            "speed": 1.0,
            "volume": 1.0
          },
          {
            "id": "2386df8c-ddec-411a-9bc3-1d73ff784b19",
            "type": "image",
            "material_id": "6bbc758d-f106-40a3-809b-762dba419a59",
            "target_timerange": {
              "start": 35000000,
              "duration": 5000000
            },
            "source_timerange": {
              "start": 0,
              "duration": 5000000
            },
            "enable_adjust": true,
            "enable_color_curves": true,
            "enable_color_match_adjust": false,
            "enable_color_wheels": true,
            "enable_lut": false,
            "enable_smart_color_adjust": false,
            "extra_material_refs": [],
            "hdr_settings": {
              "intensity": 1.0,
              "mode": 1
            },
            "is_placeholder": false,
            "is_tone_modify": false,
            "reverse": false,
            "speed": 1.0,
            "volume": 1.0
          },
          {
            "id": "878c7185-d269-4e6f-865e-a67c67e063a0",
            "type": "image",
            "material_id": "ee4dc6e1-1003-43a7-a777-256368ca32e1",
            "target_timerange": {
              "start": 40000000,
              "duration": 5000000
            },
            "source_timerange": {
              "start": 0,
              "duration": 5000000
            },
            "enable_adjust": true,
            "enable_color_curves": true,
            "enable_color_match_adjust": false,
            "enable_color_wheels": true,
            "enable_lut": false,
            "enable_smart_color_adjust": false,
            "extra_material_refs": [],
            "hdr_settings": {
              "intensity": 1.0,
              "mode": 1
            },
            "is_placeholder": false,
            "is_tone_modify": false,
            "reverse": false,
            "speed": 1.0,
            "volume": 1.0
          },
          {
            "id": "760639d1-e827-4552-b422-812142665242",
            "type": "image",
            "material_id": "bb95320a-4c26-421e-bd1d-210410d35dbc",
            "target_timerange": {
              "start": 45000000,
              "duration": 5000000
            },
            "source_timerange": {
              "start": 0,
              "duration": 5000000
            },
            "enable_adjust": true,
            "enable_color_curves": true,
            "enable_color_match_adjust": false,
            "enable_color_wheels": true,
            "enable_lut": false,
            "enable_smart_color_adjust": false,
            "extra_material_refs": [],
            "hdr_settings": {
              "intensity": 1.0,
              "mode": 1
            },
            "is_placeholder": false,
            "is_tone_modify": false,
            "reverse": false,
            "speed": 1.0,
            "volume": 1.0
          },
          {
            "id": "810a7cbb-1a6e-4017-9fcf-07c7e9a6a887",
            "type": "image",
            "material_id": "16f35e88-a1c2-45d3-91cd-ece1a1458f69",
            "target_timerange": {
              "start": 50000000,
              "duration": 5000000
            },
            "source_timerange": {
              "start": 0,
              "duration": 5000000
            },
            "enable_adjust": true,
            "enable_color_curves": true,
            "enable_color_match_adjust": false,
            "enable_color_wheels": true,
            "enable_lut": false,
            "enable_smart_color_adjust": false,
            "extra_material_refs": [],
            "hdr_settings": {
              "intensity": 1.0,
              "mode": 1
            },
            "is_placeholder": false,
            "is_tone_modify": false,
            "reverse": false,
            "speed": 1.0,
            "volume": 1.0
          },
          {
            "id": "2818986c-c514-4225-89d0-0b0a6df533bd",
            "type": "image",
            "material_id": "771dbd85-187c-4145-96fa-eeb3e0da3f20",
            "target_timerange": {
              "start": 55000000,
              "duration": 5000000
            },
            "source_timerange": {
              "start": 0,
              "duration": 5000000
            },
            "enable_adjust": true,
            "enable_color_curves": true,
            "enable_color_match_adjust": false,
            "enable_color_wheels": true,
            "enable_lut": false,
            "enable_smart_color_adjust": false,
            "extra_material_refs": [],
            "hdr_settings": {
              "intensity": 1.0,
              "mode": 1
            },
            "is_placeholder": false,
            "is_tone_modify": false,
            "reverse": false,
            "speed": 1.0,
            "volume": 1.0
          }
        ],
        "type": "video"
      }
    ],
    "video_target_resolution": {
      "height": 1080,
      "width": 1920
    }
  },
  "materials": {
    "videos": [],
    "images": [
      {
        "id": "f404e7c3-3da9-4c60-90d6-ac241b014f53",
        "path": "temp/anonymous/0e942983-2e95-4044-b1af-7bf8a04703d7/The_Ocean's_Majesty_and_Importance_CapCut/Media/Images/scene_001.jpg",
        "type": "photo",
        "duration": 5000000,
        "width": 1920,
        "height": 1080
      },
      {
        "id": "bd486063-ad08-4d62-aa01-18d4a83bc51e",
        "path": "temp/anonymous/0e942983-2e95-4044-b1af-7bf8a04703d7/The_Ocean's_Majesty_and_Importance_CapCut/Media/Images/scene_002.jpg",
        "type": "photo",
        "duration": 5000000,
        "width": 1920,
        "height": 1080
      },
      {
        "id": "7fe2aab9-a559-4581-a98f-6ad6918ec99f",
        "path": "temp/anonymous/0e942983-2e95-4044-b1af-7bf8a04703d7/The_Ocean's_Majesty_and_Importance_CapCut/Media/Images/scene_003.jpg",
        "type": "photo",
        "duration": 5000000,
        "width": 1920,
        "height": 1080
      },
      {
        "id": "8d649137-c4c8-439c-b4d6-80341a306002",
        "path": "temp/anonymous/0e942983-2e95-4044-b1af-7bf8a04703d7/The_Ocean's_Majesty_and_Importance_CapCut/Media/Images/scene_004.jpg",
        "type": "photo",
        "duration": 5000000,
        "width": 1920,
        "height": 1080
      },
      {
        "id": "c06120a4-c160-4c46-be53-ba8a705ff271",
        "path": "temp/anonymous/0e942983-2e95-4044-b1af-7bf8a04703d7/The_Ocean's_Majesty_and_Importance_CapCut/Media/Images/scene_005.jpg",
        "type": "photo",
        "duration": 5000000,
        "width": 1920,
        "height": 1080
      },
      {
        "id": "f6a11eca-2556-487d-b56c-3ffaa556f62f",
        "path": "temp/anonymous/0e942983-2e95-4044-b1af-7bf8a04703d7/The_Ocean's_Majesty_and_Importance_CapCut/Media/Images/scene_006.jpg",
        "type": "photo",
        "duration": 5000000,
        "width": 1920,
        "height": 1080
      },
      {
        "id": "adc04c78-cba9-4169-bc55-4cdc7b12187a",
        "path": "temp/anonymous/0e942983-2e95-4044-b1af-7bf8a04703d7/The_Ocean's_Majesty_and_Importance_CapCut/Media/Images/scene_007.jpg",
        "type": "photo",
        "duration": 5000000,
        "width": 1920,
        "height": 1080
      },
      {
        "id": "6bbc758d-f106-40a3-809b-762dba419a59",
        "path": "temp/anonymous/0e942983-2e95-4044-b1af-7bf8a04703d7/The_Ocean's_Majesty_and_Importance_CapCut/Media/Images/scene_008.jpg",
        "type": "photo",
        "duration": 5000000,
        "width": 1920,
        "height": 1080
      },
      {
        "id": "ee4dc6e1-1003-43a7-a777-256368ca32e1",
        "path": "temp/anonymous/0e942983-2e95-4044-b1af-7bf8a04703d7/The_Ocean's_Majesty_and_Importance_CapCut/Media/Images/scene_009.jpg",
        "type": "photo",
        "duration": 5000000,
        "width": 1920,
        "height": 1080
      },
      {
        "id": "bb95320a-4c26-421e-bd1d-210410d35dbc",
        "path": "temp/anonymous/0e942983-2e95-4044-b1af-7bf8a04703d7/The_Ocean's_Majesty_and_Importance_CapCut/Media/Images/scene_010.jpg",
        "type": "photo",
        "duration": 5000000,
        "width": 1920,
        "height": 1080
      },
      {
        "id": "16f35e88-a1c2-45d3-91cd-ece1a1458f69",
        "path": "temp/anonymous/0e942983-2e95-4044-b1af-7bf8a04703d7/The_Ocean's_Majesty_and_Importance_CapCut/Media/Images/scene_011.jpg",
        "type": "photo",
        "duration": 5000000,
        "width": 1920,
        "height": 1080
      },
      {
        "id": "771dbd85-187c-4145-96fa-eeb3e0da3f20",
        "path": "temp/anonymous/0e942983-2e95-4044-b1af-7bf8a04703d7/The_Ocean's_Majesty_and_Importance_CapCut/Media/Images/scene_012.jpg",
        "type": "photo",
        "duration": 5000000,
        "width": 1920,
        "height": 1080
      }
    ],
    "audios": []
  },
  "platform": "windows",
  "version": "5.0.0"
}