<?xml version="1.0" encoding="UTF-8"?>
<!DOCTYPE xmeml>
<xmeml version="5">
    <project>
        <name>The_Ocean's_Majesty_and_Importance</name>
        <children>
            <bin>
                <name>Media</name>
                <children>
                    <bin>
                        <name>Clips</name>
                        <children>

                        </children>
                    </bin>
                    <bin>
                        <name>Images</name>
                        <children>

                            <clip id="clip-img-1">
                                <name>Scene 001</name>
                                <duration>150</duration>
                                <rate>
                                    <timebase>30</timebase>
                                </rate>
                                <media>
                                    <video>
                                        <track>
                                            <clipitem id="clipitem-img-1">
                                                <name>Scene 001</name>
                                                <duration>150</duration>
                                                <file id="file-img-1">
                                                    <name>scene_001.jpg</name>
                                                    <pathurl>file://localhost/Media/Images/scene_001.jpg</pathurl>
                                                    <media>
                                                        <video>
                                                            <duration>150</duration>
                                                            <samplecharacteristics>
                                                                <width>1920</width>
                                                                <height>1080</height>
                                                            </samplecharacteristics>
                                                        </video>
                                                    </media>
                                                </file>
                                            </clipitem>
                                        </track>
                                    </video>
                                </media>
                            </clip>

                            <clip id="clip-img-2">
                                <name>Scene 002</name>
                                <duration>150</duration>
                                <rate>
                                    <timebase>30</timebase>
                                </rate>
                                <media>
                                    <video>
                                        <track>
                                            <clipitem id="clipitem-img-2">
                                                <name>Scene 002</name>
                                                <duration>150</duration>
                                                <file id="file-img-2">
                                                    <name>scene_002.jpg</name>
                                                    <pathurl>file://localhost/Media/Images/scene_002.jpg</pathurl>
                                                    <media>
                                                        <video>
                                                            <duration>150</duration>
                                                            <samplecharacteristics>
                                                                <width>1920</width>
                                                                <height>1080</height>
                                                            </samplecharacteristics>
                                                        </video>
                                                    </media>
                                                </file>
                                            </clipitem>
                                        </track>
                                    </video>
                                </media>
                            </clip>

                            <clip id="clip-img-3">
                                <name>Scene 003</name>
                                <duration>150</duration>
                                <rate>
                                    <timebase>30</timebase>
                                </rate>
                                <media>
                                    <video>
                                        <track>
                                            <clipitem id="clipitem-img-3">
                                                <name>Scene 003</name>
                                                <duration>150</duration>
                                                <file id="file-img-3">
                                                    <name>scene_003.jpg</name>
                                                    <pathurl>file://localhost/Media/Images/scene_003.jpg</pathurl>
                                                    <media>
                                                        <video>
                                                            <duration>150</duration>
                                                            <samplecharacteristics>
                                                                <width>1920</width>
                                                                <height>1080</height>
                                                            </samplecharacteristics>
                                                        </video>
                                                    </media>
                                                </file>
                                            </clipitem>
                                        </track>
                                    </video>
                                </media>
                            </clip>

                            <clip id="clip-img-4">
                                <name>Scene 004</name>
                                <duration>150</duration>
                                <rate>
                                    <timebase>30</timebase>
                                </rate>
                                <media>
                                    <video>
                                        <track>
                                            <clipitem id="clipitem-img-4">
                                                <name>Scene 004</name>
                                                <duration>150</duration>
                                                <file id="file-img-4">
                                                    <name>scene_004.jpg</name>
                                                    <pathurl>file://localhost/Media/Images/scene_004.jpg</pathurl>
                                                    <media>
                                                        <video>
                                                            <duration>150</duration>
                                                            <samplecharacteristics>
                                                                <width>1920</width>
                                                                <height>1080</height>
                                                            </samplecharacteristics>
                                                        </video>
                                                    </media>
                                                </file>
                                            </clipitem>
                                        </track>
                                    </video>
                                </media>
                            </clip>

                            <clip id="clip-img-5">
                                <name>Scene 005</name>
                                <duration>150</duration>
                                <rate>
                                    <timebase>30</timebase>
                                </rate>
                                <media>
                                    <video>
                                        <track>
                                            <clipitem id="clipitem-img-5">
                                                <name>Scene 005</name>
                                                <duration>150</duration>
                                                <file id="file-img-5">
                                                    <name>scene_005.jpg</name>
                                                    <pathurl>file://localhost/Media/Images/scene_005.jpg</pathurl>
                                                    <media>
                                                        <video>
                                                            <duration>150</duration>
                                                            <samplecharacteristics>
                                                                <width>1920</width>
                                                                <height>1080</height>
                                                            </samplecharacteristics>
                                                        </video>
                                                    </media>
                                                </file>
                                            </clipitem>
                                        </track>
                                    </video>
                                </media>
                            </clip>

                            <clip id="clip-img-6">
                                <name>Scene 006</name>
                                <duration>150</duration>
                                <rate>
                                    <timebase>30</timebase>
                                </rate>
                                <media>
                                    <video>
                                        <track>
                                            <clipitem id="clipitem-img-6">
                                                <name>Scene 006</name>
                                                <duration>150</duration>
                                                <file id="file-img-6">
                                                    <name>scene_006.jpg</name>
                                                    <pathurl>file://localhost/Media/Images/scene_006.jpg</pathurl>
                                                    <media>
                                                        <video>
                                                            <duration>150</duration>
                                                            <samplecharacteristics>
                                                                <width>1920</width>
                                                                <height>1080</height>
                                                            </samplecharacteristics>
                                                        </video>
                                                    </media>
                                                </file>
                                            </clipitem>
                                        </track>
                                    </video>
                                </media>
                            </clip>

                            <clip id="clip-img-7">
                                <name>Scene 007</name>
                                <duration>150</duration>
                                <rate>
                                    <timebase>30</timebase>
                                </rate>
                                <media>
                                    <video>
                                        <track>
                                            <clipitem id="clipitem-img-7">
                                                <name>Scene 007</name>
                                                <duration>150</duration>
                                                <file id="file-img-7">
                                                    <name>scene_007.jpg</name>
                                                    <pathurl>file://localhost/Media/Images/scene_007.jpg</pathurl>
                                                    <media>
                                                        <video>
                                                            <duration>150</duration>
                                                            <samplecharacteristics>
                                                                <width>1920</width>
                                                                <height>1080</height>
                                                            </samplecharacteristics>
                                                        </video>
                                                    </media>
                                                </file>
                                            </clipitem>
                                        </track>
                                    </video>
                                </media>
                            </clip>

                            <clip id="clip-img-8">
                                <name>Scene 008</name>
                                <duration>150</duration>
                                <rate>
                                    <timebase>30</timebase>
                                </rate>
                                <media>
                                    <video>
                                        <track>
                                            <clipitem id="clipitem-img-8">
                                                <name>Scene 008</name>
                                                <duration>150</duration>
                                                <file id="file-img-8">
                                                    <name>scene_008.jpg</name>
                                                    <pathurl>file://localhost/Media/Images/scene_008.jpg</pathurl>
                                                    <media>
                                                        <video>
                                                            <duration>150</duration>
                                                            <samplecharacteristics>
                                                                <width>1920</width>
                                                                <height>1080</height>
                                                            </samplecharacteristics>
                                                        </video>
                                                    </media>
                                                </file>
                                            </clipitem>
                                        </track>
                                    </video>
                                </media>
                            </clip>

                            <clip id="clip-img-9">
                                <name>Scene 009</name>
                                <duration>150</duration>
                                <rate>
                                    <timebase>30</timebase>
                                </rate>
                                <media>
                                    <video>
                                        <track>
                                            <clipitem id="clipitem-img-9">
                                                <name>Scene 009</name>
                                                <duration>150</duration>
                                                <file id="file-img-9">
                                                    <name>scene_009.jpg</name>
                                                    <pathurl>file://localhost/Media/Images/scene_009.jpg</pathurl>
                                                    <media>
                                                        <video>
                                                            <duration>150</duration>
                                                            <samplecharacteristics>
                                                                <width>1920</width>
                                                                <height>1080</height>
                                                            </samplecharacteristics>
                                                        </video>
                                                    </media>
                                                </file>
                                            </clipitem>
                                        </track>
                                    </video>
                                </media>
                            </clip>

                            <clip id="clip-img-10">
                                <name>Scene 010</name>
                                <duration>150</duration>
                                <rate>
                                    <timebase>30</timebase>
                                </rate>
                                <media>
                                    <video>
                                        <track>
                                            <clipitem id="clipitem-img-10">
                                                <name>Scene 010</name>
                                                <duration>150</duration>
                                                <file id="file-img-10">
                                                    <name>scene_010.jpg</name>
                                                    <pathurl>file://localhost/Media/Images/scene_010.jpg</pathurl>
                                                    <media>
                                                        <video>
                                                            <duration>150</duration>
                                                            <samplecharacteristics>
                                                                <width>1920</width>
                                                                <height>1080</height>
                                                            </samplecharacteristics>
                                                        </video>
                                                    </media>
                                                </file>
                                            </clipitem>
                                        </track>
                                    </video>
                                </media>
                            </clip>

                            <clip id="clip-img-11">
                                <name>Scene 011</name>
                                <duration>150</duration>
                                <rate>
                                    <timebase>30</timebase>
                                </rate>
                                <media>
                                    <video>
                                        <track>
                                            <clipitem id="clipitem-img-11">
                                                <name>Scene 011</name>
                                                <duration>150</duration>
                                                <file id="file-img-11">
                                                    <name>scene_011.jpg</name>
                                                    <pathurl>file://localhost/Media/Images/scene_011.jpg</pathurl>
                                                    <media>
                                                        <video>
                                                            <duration>150</duration>
                                                            <samplecharacteristics>
                                                                <width>1920</width>
                                                                <height>1080</height>
                                                            </samplecharacteristics>
                                                        </video>
                                                    </media>
                                                </file>
                                            </clipitem>
                                        </track>
                                    </video>
                                </media>
                            </clip>

                            <clip id="clip-img-12">
                                <name>Scene 012</name>
                                <duration>150</duration>
                                <rate>
                                    <timebase>30</timebase>
                                </rate>
                                <media>
                                    <video>
                                        <track>
                                            <clipitem id="clipitem-img-12">
                                                <name>Scene 012</name>
                                                <duration>150</duration>
                                                <file id="file-img-12">
                                                    <name>scene_012.jpg</name>
                                                    <pathurl>file://localhost/Media/Images/scene_012.jpg</pathurl>
                                                    <media>
                                                        <video>
                                                            <duration>150</duration>
                                                            <samplecharacteristics>
                                                                <width>1920</width>
                                                                <height>1080</height>
                                                            </samplecharacteristics>
                                                        </video>
                                                    </media>
                                                </file>
                                            </clipitem>
                                        </track>
                                    </video>
                                </media>
                            </clip>

                        </children>
                    </bin>
                </children>
            </bin>
            <sequence>
                <name>Main Timeline</name>
                <duration>1800</duration>
                <rate>
                    <timebase>30</timebase>
                </rate>
                <media>
                    <video>
                        <format>
                            <samplecharacteristics>
                                <width>1920</width>
                                <height>1080</height>
                            </samplecharacteristics>
                        </format>
                        <track>

                            <clipitem id="timeline-1">
                                <name>Scene 001</name>
                                <start>0</start>
                                <end>150</end>
                                <in>0</in>
                                <out>150</out>
                            </clipitem>

                            <clipitem id="timeline-2">
                                <name>Scene 002</name>
                                <start>150</start>
                                <end>300</end>
                                <in>0</in>
                                <out>150</out>
                            </clipitem>

                            <clipitem id="timeline-3">
                                <name>Scene 003</name>
                                <start>300</start>
                                <end>450</end>
                                <in>0</in>
                                <out>150</out>
                            </clipitem>

                            <clipitem id="timeline-4">
                                <name>Scene 004</name>
                                <start>450</start>
                                <end>600</end>
                                <in>0</in>
                                <out>150</out>
                            </clipitem>

                            <clipitem id="timeline-5">
                                <name>Scene 005</name>
                                <start>600</start>
                                <end>750</end>
                                <in>0</in>
                                <out>150</out>
                            </clipitem>

                            <clipitem id="timeline-6">
                                <name>Scene 006</name>
                                <start>750</start>
                                <end>900</end>
                                <in>0</in>
                                <out>150</out>
                            </clipitem>

                            <clipitem id="timeline-7">
                                <name>Scene 007</name>
                                <start>900</start>
                                <end>1050</end>
                                <in>0</in>
                                <out>150</out>
                            </clipitem>

                            <clipitem id="timeline-8">
                                <name>Scene 008</name>
                                <start>1050</start>
                                <end>1200</end>
                                <in>0</in>
                                <out>150</out>
                            </clipitem>

                            <clipitem id="timeline-9">
                                <name>Scene 009</name>
                                <start>1200</start>
                                <end>1350</end>
                                <in>0</in>
                                <out>150</out>
                            </clipitem>

                            <clipitem id="timeline-10">
                                <name>Scene 010</name>
                                <start>1350</start>
                                <end>1500</end>
                                <in>0</in>
                                <out>150</out>
                            </clipitem>

                            <clipitem id="timeline-11">
                                <name>Scene 011</name>
                                <start>1500</start>
                                <end>1650</end>
                                <in>0</in>
                                <out>150</out>
                            </clipitem>

                            <clipitem id="timeline-12">
                                <name>Scene 012</name>
                                <start>1650</start>
                                <end>1800</end>
                                <in>0</in>
                                <out>150</out>
                            </clipitem>

                        </track>
                    </video>
                </media>
            </sequence>
        </children>
    </project>
</xmeml>
